{"true":50.4332755633,"false":49.5667244367}